{
    "success": {
        "data": {
            "numberOfRecords": 5,
            "searchResults": [
                {
                    "firstName": "Jewel",
                    "handleName": "@jewel_saha",
                    "tweetTime": "3 hrs ago",
                    "tweetText": "Good evening friends!!!",
                    "phone": 4294967295,
                    "lastName": "Saha",
                    "userId": 456,
                    "email": "sahajewel@gmail.com"
                },
                {
                    "firstName": "Manisha",
                    "handleName": "@manisha_saha",
                    "tweetTime": "4 hrs ago",
                    "tweetText": "Hello friends!!!",
                    "phone": 4294967296,
                    "lastName": "Saha",
                    "userId": 457,
                    "email": "sahamanisha@gmail.com"
                },
                {
                    "firstName": "Jewel",
                    "handleName": "@jewel_saha",
                    "tweetTime": "5 hrs ago",
                    "tweetText": "Have a great day!!!",
                    "phone": 4294967295,
                    "lastName": "Saha",
                    "userId": 456,
                    "email": "sahajewel@gmail.com"
                },
                {
                    "firstName": "Jewel",
                    "handleName": "@jewel_saha",
                    "tweetTime": "6 hrs ago",
                    "tweetText": "wow!!!",
                    "phone": 4294967295,
                    "lastName": "Saha",
                    "userId": 456,
                    "email": "sahajewel@gmail.com"
                },
				{
                    "firstName": "Jewel",
                    "handleName": "@jewel_saha",
                    "tweetTime": "7 hrs ago",
                    "tweetText": "Good morning friends!!!",
                    "phone": 4294967295,
                    "lastName": "Saha",
                    "userId": 456,
                    "email": "sahajewel@gmail.com"
                }

            ]
        },
        "dataList": null,
        "statusCode": 200,
        "responseMessage": null
    },
    "error": null
}